ID,Name,Username,Email,Password
I830,Amelia Woolf,instructor_I830,instructor_I830@example.com,password
I278,Max Ginsburg,instructor_I278,instructor_I278@example.com,password
I926,Steve Hemingway,instructor_I926,instructor_I926@example.com,password
I588,Albert Roosevelt,instructor_I588,instructor_I588@example.com,password
I484,Mary Yousafzai,instructor_I484,instructor_I484@example.com,password
I782,Niels Plath,instructor_I782,instructor_I782@example.com,password
I151,Werner Edison,instructor_I151,instructor_I151@example.com,password
I764,Carl Planck,instructor_I764,instructor_I764@example.com,password
I302,Malala Angelou,instructor_I302,instructor_I302@example.com,password
I967,Georgia Ramanujan,instructor_I967,instructor_I967@example.com,password
I737,Sylvia Kahlo,instructor_I737,instructor_I737@example.com,password
I898,Louis Ramanujan,instructor_I898,instructor_I898@example.com,password
